Invoice No,Order,CaseUnits,Product Name,Supplier Code,VAT,Barcode,New Cost,Invoiced,Value,VAT Amount
IN456378 ,1,1,IND Bulk Organic IND Cacao Powder 5Kg,37497A,0%,5391517059809,80.33,1,80.33,0.0
IN456378,1,1,IND Bulk Organic IND Desiccated Coconut 5kg,16285A,0%,5391517065060,40.58,1,40.58,0.0
IN456378 ,1,1,IND Bulk Non OrganiIcND Xylitol 5Kg,28986B,0%,5391517059236,54.46,1,54.46,0.0
IN456378,1,1,IND Bulk Organic IND Coconut Flour 2.5kg,32870A,0%,5391517067149,9.01,1,9.01,0.0
IN456378,1,1,NutraTea Mullein Leaf & Thyme 20Bags,49311B,0%,5060394428397,5.04,1,5.04,0.0
IN456378,1,1,Natures Answer Mullein Leaf 30ml,51100B,13.5%,83000006487,12.54,1,12.54,1.69
,,,,,,,,,,0.0
IN456377 ,3,1,Taifun Grill Sausages 250g,14167A,0%,4012359130006,4.52,3,13.56,0.0
IN456377 ,1,1,Kingfisher Childrens Strawberry Toothpaste 100ml,33281B,23%,5016911311208,3.03,1,3.03,0.7
IN456377 ,1,1,Kingfisher Mint Toothpaste with Fluoride 100ml,48138B,23%,5016912054531,3.03,1,3.03,0.7
IN456377 ,3,1,True Natural GoodneTsurmeric 250g,37966A,0%,5391517069211,4.08,3,12.24,0.0
IN456377 ,1,1,Lord of Tofu Tofu w/Tomato Basil 160g,40915A,0%,4260019320032,2.03,1,2.03,0.0
IN456377 ,1,9,Doves Farm Brown Rice Spaghetti GF 400g,17605A,0%,5011766666619,3.67,9,33.03,0.0
IN456377 ,1,1,True Natural GoodneCshocolate Whey Protein 250g,51053A,13.5%,5391539170827,8.99,1,8.99,1.21
IN456377 ,1,1,Kingfisher Aloe Vera Tea Tree Fennel Toothpaste 100ml,16247B,23%,5016912212894,3.03,1,3.03,0.7
IN456377 ,4,1,Taifun Tofu Fillets Japanese Style GF 160g,14170A,0%,4012359144003,3.21,4,12.84,0.0
IN456377 ,3,1,Juspy Collagen Protein Cacao Superfood Ble 400g,49417B,13.5%,5392000193826,20.34,3,61.02,8.24
IN456377 ,1,1,Lord of Tofu Tofu Natural 200g,40917A,0%,4260019320209,1.77,1,1.77,0.0
IN456377 ,2,1,Urtekram Coconut Leave In Spray-Conditioner ( 250ml,39829A,23%,5765228837917,5.86,2,11.72,2.7
IN456377 ,1,12,Suma Hemp Oil & Vitamin E Soap 90g,19990B,23%,5017601027379,1.75,12,21.0,4.83
IN456377 ,2,1,Taifun FeTo Natural Fermented 200g,38903A,0%,4012359180001,3.84,2,7.68,0.0
IN456377 ,2,1,True Natural GoodneHsemp Seeds Shelled 250g,37964A,0%,5391517069228,4.55,2,9.1,0.0
IN456377 ,1,6,Sonnentor Chakalaka Spice Mix 65g,49080A,0%,9004145012158,2.79,6,16.74,0.0
IN456377 ,1,1,True Natural GoodneSspirulina Powder 125g,36789A,0%,5391517069082,4.48,1,4.48,0.0
IN456377 ,4,1,Nielsen Massey Vanilla Extract Madagascan 60ml,10948A,0%,25638610025,9.73,4,38.92,0.0
IN456377 ,1,1,Solaris Rooibos Cacao Chai 15Bags,44237A,0%,5391515094406,4.25,1,4.25,0.0
IN456377 ,2,1,True Natural GoodneXsylitol 250g,48415A,0%,5391517069785,3.99,2,7.98,0.0
IN456377 ,1,1,Iswari Super Breakfast Extra Protein 360g,49897A,0%,5600872804666,4.95,1,4.95,0.0
IN456377 ,1,1,Nielsen Massey Pure Almond Extract 60ml,22460B,0%,25638839327,3.84,1,3.84,0.0
IN456377 ,2,1,Linwoods Milled Hemp Seed/Flax/Chia Seeds (Or 200g,45666A,0%,5016887005187,4.23,2,8.46,0.0
IN456377 ,1,1,Rivers of Health Colloidal Silver 100ml,23393B,23%,5060036420017,4.99,1,4.99,1.15
IN456377 ,1,1,Sojade Vanilla Dessert 530g,47979A,0%,3273220187364,1.88,1,1.88,0.0
IN456377 ,4,1,Linwoods Milled Flaxseed & Goji Berries 425g,34904A,0%,5016887003046,5.92,4,23.68,0.0
IN456377 ,1,6,Suma Tea Tree & Aloe Vera Soap 90g,43609B,23%,5017601042877,2.64,6,15.84,3.64
IN456377 ,1,6,Suma Patchouli & Sandalwood Soap 90g,43610B,23%,5017601042891,2.64,6,15.84,3.64
IN456377 ,1,1,Salt of the Earth Clary Sage & Mint 75ml,50222B,23%,5025452002445,5.1,1,5.1,1.17
IN456377 ,5,1,Linwoods Milled Chia Seed 200g,34902B,0%,5016887003794,5.83,5,29.15,0.0
IN456377 ,1,1,True Natural GoodneSspirulina Powder 250g,36790A,0%,5391517069099,8.33,1,8.33,0.0
IN456377 ,1,6,Earthworks IncenseFrankincense Sticks 10s,32557B,23%,8904031309564,1.4,6,8.4,1.93
IN456377 ,2,1,Rivers of Health Colloidal Silver 250ml,23394B,23%,5060036420000,8.17,2,16.34,3.76
IN456377 ,1,1,Urtekram Childrens Shampoo Calendula (No Frag 250ml,37261B,23%,5765228838099,5.86,1,5.86,1.35
IN456377 ,1,1,Urtekram Coconut Conditioner (Tube) 180ml,42230A,23%,5765228839102,5.86,1,5.86,1.35
IN456377 ,1,1,Eco Bath Co Soap on Rope Apricot 1,45264B,23%,5060117212463,6.93,1,6.93,1.59
IN456377 ,1,3,IND Prepack Herbs Cayenne Pepper 25g,11894A,0%,5391517060379,2.56,3,7.68,0.0
IN456377 ,3,1,Iswari Turmeric and Black Pepper 150g,41551A,0%,5600872803560,3.19,3,9.57,0.0
IN456377 ,2,1,Aloe Dent Triple ActionToothpaste w CoQ10 100ml,13165B,23%,5029354010355,3.75,2,7.5,1.73
IN456377 ,1,1,Quest (*EM*) Lactase 200mg 30Tabs,18961B,13.5%,5022339186014,8.01,1,8.01,1.08
IN456377 ,1,1,Salt of the Earth Classic Unscented Crystal Stick 90g,33482B,23%,50160150,4.71,1,4.71,1.08
IN456377 ,3,1,PrizMAG Pure Magnesium Bisglycinate 150Caps,49034B,13.5%,5060194213339,17,3,51.0,6.89
IN456377 ,3,1,True Natural GoodneWshey Protein 250g,46575A,0%,5391517069600,8.99,3,26.97,0.0
IN456377 ,2,1,Eco Bath Co Epsom Salt Bath Soak - Balance 1kg,19206B,23%,5060117210803,6.17,2,12.34,2.84
IN456377 ,1,1,Iswari Moringa Powder 125g,36589A,0%,5600872803416,6.08,1,6.08,0.0
IN456377 ,1,1,Eco Bath Co Epsom Salt Bath Soak - Plain 1kg,17186B,0%,5060117210841,5.13,1,5.13,0.0
IN456377 ,2,1,Method Daily Kitchen Spray Clementine 828ml,30588B,23%,817939012413,2.78,2,5.56,1.28
IN456377 ,1,1,Biona Tofu Mini Burgers 250g,49122A,0%,5032722308893,3.89,1,3.89,0.0
IN456377 ,1,8,Booja Booja Almond Salted Caramel Truffles 8 pk 92g,46084A,23%,5060002043158,5.91,8,47.28,10.87
IN456377 ,2,1,Iswari All in One Super Greens 200g,50865A,23%,5600872805731,9.87,2,19.74,4.54
IN456377 ,1,1,Fushi Really Good Vitamin E Skin Oil 50ml,41040B,23%,5060112860003,16.38,1,16.38,3.77
IN456377 ,1,1,ProVen Probiotics A - Z Multivitamins Child (Chewable 30tabs,36154B,13.5%,5034268005984,6.92,1,6.92,0.93
IN456377 ,1,1,True Natural GoodneAsshwagandha Powder 250g,49593A,0%,5391517069730,7.45,1,7.45,0.0
