Code,Ordered,Qty,SKU,Content,Description,Price,Sale,Total,Calculated_Total,Validation_Status,SourcePDF
42,1,1,12,1 pc,"Lettuce oakleaf green, . Biologisch Klasse II FR",1.22,2.59,14.64,14.64,PASS,Order_4294419.pdf
50,1,1,10,1 pc,"Scallions, . Bio-DynamisKclhasse I IT",1.85,2.99,18.50,18.50,PASS,Order_4294419.pdf
53,1,1,10,1 kilogram,"Onions red 40/60, . Bio-DynamisKclhasse I NL",1.46,2.99,14.60,14.60,PASS,Order_4294419.pdf
88,1,1,5,1 kilogram,"Spinach, . Biologisch Klasse II FR",3.62,8.98,18.10,18.10,PASS,Order_4294419.pdf
108,1,1,8,1 pc,"Cauliflower, . Biologisch Klasse II IT",1.67,3.59,13.36,13.36,PASS,Order_4294419.pdf
342,4,4,1,200 gram,"Precooked chestnuts, . Biologisch Klasse I FR",3.38,4.99,13.52,13.52,PASS,Order_4294419.pdf
447,3,3,1,130 gram,"Gardencress (9), Discover FreshBiologisch Klasse I NL",0.63,1.09,1.89,1.89,PASS,Order_4294419.pdf
461,1,1,10,1 pc,"Mango, . Biologisch Klasse I PE",1.35,2.99,13.50,13.50,PASS,Order_4294419.pdf
518,1,1,7,1 kilogram,"Pear Doyenne, . Biologisch Klasse II NL",2.74,4.98,19.18,19.18,PASS,Order_4294419.pdf
590,3,3,1,1 pc,"Pineapple, . Biologisch Klasse II CR",2.24,2.99,6.72,6.72,PASS,Order_4294419.pdf
624,1,1,6,1 kilogram,"Oranges 3/6, . Bio-DynamisKclhasse I ES",1.71,4.98,10.26,10.26,PASS,Order_4294419.pdf
11647,2,2,1,1 pc,"Lettuce iceberg, . Biologisch ES",1.78,2.79,3.56,3.56,PASS,Order_4294419.pdf
11997,7,7,1,750 gram,"Dates Dalia Sukkary, Yogi & YouBsieoflo'sgisch Klasse I SA",7.58,12.99,53.06,53.06,PASS,Order_4294419.pdf
12047,1,1,12,125 gram,"Blueberry, . Biologisch Klasse II CL",2.07,3.59,24.84,24.84,PASS,Order_4294419.pdf
12066,6,6,1,10 pc,"Dates with Chocolat, Yogi & YouBseiofl'osgisch Klasse I SA",3.83,5.99,22.98,22.98,PASS,Order_4294419.pdf
17116,1,1,10,200 gram,"Broccoli® bimi, . Biologisch Klasse I ES",1.98,3.59,19.80,19.80,PASS,Order_4294419.pdf
6000404,8,8,1,235 gram,"Dates 235 gr, Yogi & Yousef's Biologisch Klasse I SA",2.94,5.99,23.52,23.52,PASS,Order_4294419.pdf
3785,3,3,1,260 gram,"Pita-bread white, Florentin Biologisch NL",1.42,2.39,4.26,4.26,PASS,Order_4294423.pdf
53915,1,1,1,25 kilogram,"Cane-sugar, DO IT Organic Biologisch IN",42.56,76.99,42.56,42.56,PASS,Order_4294423.pdf
80009,1,1,1,100 millilitre,"Massage-oil arnica, Weleda Non-food NL",8.12,14.99,8.12,8.12,PASS,Order_4294423.pdf
80322,2,2,1,100 gram,"Soap buttermilk, Made by SpeickNon-food NL",1.36,2.89,2.72,2.72,PASS,Order_4294423.pdf
80516,2,2,1,20 millilitre,"Tea-Tree oil, Chi Biologisch NL",8.05,17.99,16.10,16.10,PASS,Order_4294423.pdf
81990,2,2,1,250 gram,"Lavender-soap with propolis, De NToran-afoyod NL",4.36,7.99,8.72,8.72,PASS,Order_4294423.pdf
82402,1,1,1,75 millilitre,"Deo-spray long-lasting, Speick NNaotunr-afolo Adktiv NL",4.88,9.99,4.88,4.88,PASS,Order_4294423.pdf
83350,3,3,1,250 gram,"Psyllium-fiber, Mattisson Biologisch NL",6.47,11.39,19.41,19.41,PASS,Order_4294423.pdf
83996,2,2,1,30 millilitre,"Skin food light, Weleda Non-food NL",2.78,4.86,5.56,5.56,PASS,Order_4294423.pdf
84266,1,1,1,100 gram,"Black soap, Made by Speick Non-food NL",2.56,4.99,2.56,2.56,PASS,Order_4294423.pdf
84296,1,1,1,75 millilitre,"Fluorine toothpaste mint, UrtekraNmon-food NL",2.46,5.39,2.46,2.46,PASS,Order_4294423.pdf
84319,3,3,1,1 pc,"Bamboo children's toothbrush, NNexotnB-frouosdh NL",1.70,3.75,5.10,5.10,PASS,Order_4294423.pdf
84322,3,3,1,1 pc,"Bamboo soft toothbrush, NextBruNsohn-food NL",1.83,3.75,5.49,5.49,PASS,Order_4294423.pdf
84455,3,3,1,75 millilitre,"Skin-food light, Weleda Non-food NL",4.69,8.24,14.07,14.07,PASS,Order_4294423.pdf
84686,2,2,1,60 pc,"Fish-oil capsules, Arctic Blue Niet-biologisch NL",7.43,13.50,14.86,14.86,PASS,Order_4294423.pdf
88702,2,2,1,200 millilitre,"Shower-Gel arnica, sports, WeledNaon-food NL",4.06,7.49,8.12,8.12,PASS,Order_4294423.pdf
88705,2,2,1,200 millilitre,"Aroma-shower love, Weleda Non-food NL",4.06,7.49,8.12,8.12,PASS,Order_4294423.pdf
88716,2,2,1,200 millilitre,"Shower-Cream pomegranate, insNpoirne-f,o Wodeleda NL",4.06,7.49,8.12,8.12,PASS,Order_4294423.pdf
88717,2,2,1,200 millilitre,"Shower-Cream sea buckthorn, viNtaolnit-yfo, oWd eleda NL",4.06,7.49,8.12,8.12,PASS,Order_4294423.pdf
88758,1,1,1,1 pc,"Soap-dish bamboo, Botanique Non-food DE",2.89,7.99,2.89,2.89,PASS,Order_4294423.pdf
88805,3,3,1,300 millilitre,"Hand-soap wild lemongrass, UrteNkireat-mbiologisch NL",3.22,6.49,9.66,9.66,PASS,Order_4294423.pdf
90020,1,1,6,1 litre,"Olive-Oil mild, Ekoplaza Biologisch NL",7.21,13.99,43.26,43.26,PASS,Order_4294423.pdf
90303,1,1,6,340 gram,"Corn young, Ekoplaza Biologisch NL",1.02,1.99,6.12,6.12,PASS,Order_4294423.pdf
90371,1,1,6,360 gram,"White-bean, Ekoplaza Biologisch NL",0.97,1.89,5.82,5.82,PASS,Order_4294423.pdf
90514,1,1,12,200 gram,"Spelt-cookie buttercream, EkoplaBzioalogisch DE",1.28,2.69,15.36,15.36,PASS,Order_4294423.pdf
91031,1,1,6,450 gram,"Flower-honey liquid, Ekoplaza Biologisch . NL",2.50,4.39,15.00,15.00,PASS,Order_4294423.pdf
91699,1,1,6,400 gram,"Quinoa, Your Organic Nature Biologisch NL",2.15,4.29,12.90,12.90,PASS,Order_4294423.pdf
91700,1,1,6,400 gram,"Millet, Your Organic Nature Biologisch NL",1.07,2.09,6.42,6.42,PASS,Order_4294423.pdf
91704,1,1,6,400 gram,"Basmati-rice white, Your OrganicB Nioalotguirsech NL",1.25,2.39,7.50,7.50,PASS,Order_4294423.pdf
91726,1,1,6,400 gram,"Almond-flour, Your Organic NatuBreiologisch NL",4.43,8.69,26.58,26.58,PASS,Order_4294423.pdf
91727,1,1,6,400 gram,"Coconut-flour unroasted, Your OrBgioalnogicis Nchature NL",1.10,2.29,6.60,6.60,PASS,Order_4294423.pdf
91843,1,1,6,500 gram,"Chickpea-flour, Your Organic NatBuiorelogisch NL",1.85,3.49,11.10,11.10,PASS,Order_4294423.pdf
91849,1,1,10,200 gram,"Granola-cakes spelt, MJAM Biologisch NL",1.73,3.29,17.30,17.30,PASS,Order_4294423.pdf
92235,1,1,6,250 gram,"Figs dried, Ekoplaza Biologisch NL",3.15,5.99,18.90,18.90,PASS,Order_4294423.pdf
92236,1,1,6,750 gram,"Figs dried, Ekoplaza Biologisch NL",8.26,15.79,49.56,49.56,PASS,Order_4294423.pdf
92238,1,1,6,750 gram,"Dates dried, seedless, Ekoplaza Biologisch NL",3.82,7.29,22.92,22.92,PASS,Order_4294423.pdf
92263,1,1,6,160 gram,"Banana-chips, Your Organic NatuBrioelogisch NL",1.18,2.29,7.08,7.08,PASS,Order_4294423.pdf
92308,1,1,8,250 gram,"Mango dried, Ekoplaza Biologisch BF",3.29,6.49,26.32,26.32,PASS,Order_4294423.pdf
92487,1,1,6,400 millilitre,"Coconut-milk, Ekoplaza Biologisch NL",1.29,2.49,7.74,7.74,PASS,Order_4294423.pdf
92504,1,1,12,200 millilitre,"Fruit-juice pineapple, Your OrganBicio Nlogaitsucrhe DE 313",1.16,2.29,13.92,13.92,PASS,Order_4294423.pdf
92807,1,1,6,490 gram,"Mayonnaise full and creamy, EkoBpiolalozgaisch . NL",2.39,4.49,14.34,14.34,PASS,Order_4294423.pdf
93424,1,1,6,250 gram,"Coffee ground Arabica, EkoplazaBiologisch NL",3.94,7.59,23.64,23.64,PASS,Order_4294423.pdf
94618,1,1,6,750 gram,"Flaxseed, Ekoplaza Biologisch NL",1.97,4.29,11.82,11.82,PASS,Order_4294423.pdf
94645,1,1,6,1 kilogram,"Pumpkin-seeds, Your Organic NaBtiuolroegisch NL",5.80,10.89,34.80,34.80,PASS,Order_4294423.pdf
94748,1,1,6,1 litre,"Apple-juice naturally turbid, LunaB eio T-Deyrnraamisch DE 313",1.89,3.59,11.34,11.34,PASS,Order_4294423.pdf
94752,1,1,6,700 millilitre,"Apple-mango-juice, Luna e TerraBio-Dynamisch DE 313",2.06,3.89,12.36,12.36,PASS,Order_4294423.pdf
94767,1,1,6,700 millilitre,"Apple-ginger-juice with beet, LunBai oe- DTyenrarma isch DE 313",1.90,3.59,11.40,11.40,PASS,Order_4294423.pdf
94815,1,1,6,490 gram,"Mixed-Nuts, Wisselwaar Biologisch NL 315",5.96,10.49,35.76,35.76,PASS,Order_4294423.pdf
97131,1,1,8,500 gram,"Spiral-paste spelt, white, Luna e BTieor-rDaynamisch DE",2.15,3.99,17.20,17.20,PASS,Order_4294423.pdf
97166,1,1,6,1 litre,"Olive-Oil Spanish, Fertilia Biologisch NL",7.05,14.49,42.30,42.30,PASS,Order_4294423.pdf
97223,1,1,4,1 kilogram,"Muesli nut-fruits, Your Organic NBaitoulroegisch NL",3.60,6.69,14.40,14.40,PASS,Order_4294423.pdf
97234,1,1,6,400 gram,"Energy-mix superfood, Nice & NuBtisologisch NL",4.43,8.49,26.58,26.58,PASS,Order_4294423.pdf
97285,1,1,10,1 litre,"Almond-Drink sugar free, EkoplazBaiologisch IT",1.66,3.19,16.60,16.60,PASS,Order_4294423.pdf
97505,1,1,8,750 millilitre,"WC cleaner, The Good Witch Non-food NL",1.83,3.89,14.64,14.64,PASS,Order_4294423.pdf
5000115,1,1,6,500 gram,"Rice-Flakes, Meesters van de HaBlmiologisch NL",2.92,5.29,17.52,17.52,PASS,Order_4294423.pdf
5000168,1,1,6,350 gram,"Tahin without salt, Horizon Biologisch NL",3.32,5.99,19.92,19.92,PASS,Order_4294423.pdf
5000309,1,1,6,400 millilitre,"Chicken-broth, KleinstesoepfabrieBkiologisch NL",2.92,4.99,17.52,17.52,PASS,Order_4294423.pdf
5000345,1,1,12,100 gram,"Rice-puff-cakes dark carob, BonvBitioalogisch CH",1.69,2.99,20.28,20.28,PASS,Order_4294423.pdf
5001443,1,1,6,400 gram,"White-bean, La Bio Idea Biologisch NL",1.06,1.89,6.36,6.36,PASS,Order_4294423.pdf
5001479,1,1,6,500 gram,"Shells tricolore, La Bio Idea Biologisch NL",1.74,3.19,10.44,10.44,PASS,Order_4294423.pdf
5001631,1,1,6,180 gram,"Croissant buttercream, ZonnemaBirieologisch NL",1.79,3.69,10.74,10.74,PASS,Order_4294423.pdf
5001744,1,1,12,250 gram,"Crackers sesame & rosemary, CBriicohlogisch IT",1.77,3.19,21.24,21.24,PASS,Order_4294423.pdf
5002093,1,1,6,1 litre,"Maple-syrup Canadian A degree,B Vioelorgtmiscohnt DK",13.46,23.99,80.76,80.76,PASS,Order_4294423.pdf
5002409,1,1,6,250 gram,"Herbal-salt original, A. Vogel Biologisch NL",3.14,5.79,18.84,18.84,PASS,Order_4294423.pdf
5002998,1,1,12,400 gram,"Tomato-pieces basil, La Bio IdeaBiologisch . IT",1.14,1.99,13.68,13.68,PASS,Order_4294423.pdf
5003438,1,1,6,300 gram,"Cracker wholemeal sesame, ZonBnieolmogaisirceh NL",2.09,3.69,12.54,12.54,PASS,Order_4294423.pdf
5003567,2,2,8,1 litre,"Soyadrink natural, Natumi Biologisch AT",1.06,1.99,16.96,16.96,PASS,Order_4294423.pdf
5003568,1,1,8,1 litre,"Rice-Drink natural, Natumi Biologisch AT",1.46,2.59,11.68,11.68,PASS,Order_4294423.pdf
5003569,4,4,8,1 litre,"Oat-Drink natural, Natumi Biologisch AT",1.45,2.59,46.40,46.40,PASS,Order_4294423.pdf
5004487,1,1,10,125 gram,"Potato-chips salted classic, GoPuBrioelogisch NL",1.30,2.39,13.00,13.00,PASS,Order_4294423.pdf
5005972,1,1,6,500 millilitre,"Lemonade-syrup Elderflower, BeBlvioolior gFisacrhm NL",4.62,7.99,27.72,27.72,PASS,Order_4294423.pdf
5005973,1,1,6,500 millilitre,"Lemonade-syrup ginger, Belvoir FBaiorlmogisch NL",4.62,7.99,27.72,27.72,PASS,Order_4294423.pdf
5006035,1,1,12,750 millilitre,"Mineral-water without carbon dioxNidieet-,a Lgrlaarnisllcyhr NL",1.08,1.99,12.96,12.96,PASS,Order_4294423.pdf
5006414,1,1,15,160 gram,"Tuna-pieces in water, Fish 4 EveNr atuur/wild DE",2.07,3.79,31.05,31.05,PASS,Order_4294423.pdf
5006422,1,1,1,320 gram,"Baguette rustic gluten free, SchnBitzioelorgisch . NL",2.92,5.29,2.92,2.92,PASS,Order_4294423.pdf
5006472,1,1,6,750 millilitre,"Apple-juice, Schulp Biologisch NL",2.01,3.69,12.06,12.06,PASS,Order_4294423.pdf
5006829,2,2,6,400 millilitre,"Coconut-milk, TerraSana Biologisch LK",1.92,3.49,23.04,23.04,PASS,Order_4294423.pdf
5006968,1,1,12,330 millilitre,"Lemonade lime, Lemonaid+ Biologisch DE",1.35,2.39,16.20,16.20,PASS,Order_4294423.pdf
5006971,1,1,12,330 millilitre,"Icetea green, ChariTea Biologisch DE",1.35,2.39,16.20,16.20,PASS,Order_4294423.pdf
5006972,1,1,12,330 millilitre,"Icetea mate, ChariTea Biologisch DE",1.35,2.39,16.20,16.20,PASS,Order_4294423.pdf
5007019,1,1,4,450 gram,"Bleach-Complex and stain removNeorn, -Sfooondett DE",1.89,3.27,7.56,7.56,PASS,Order_4294423.pdf
5007109,1,1,12,100 gram,"Corn waffles pure chocolate cocoBnioulto,g Bisocnhvita NL",1.64,2.99,19.68,19.68,PASS,Order_4294423.pdf
5007185,1,1,6,1 litre,"Hempdrink sugar free, Ecomil Biologisch ES",2.27,4.19,13.62,13.62,PASS,Order_4294423.pdf
5007307,1,1,6,750 millilitre,"Power-juice blueberry, Schulp Biologisch NL",5.49,8.49,32.94,32.94,PASS,Order_4294423.pdf
5007378,1,1,3,2 pc,"Vanilla-pods bourbon, Cook Biologisch FR",4.47,7.99,13.41,13.41,PASS,Order_4294423.pdf
5008210,1,1,6,750 millilitre,"Toilet-cleaner orange & jasmine, NMoan-rfcoeold's Green SoaNpL",2.29,4.59,13.74,13.74,PASS,Order_4294423.pdf
5009980,1,1,10,50 gram,"Raspberry in dark chocolate, LanBdigolaorgtiesnch AT",1.77,3.09,17.70,17.70,PASS,Order_4294423.pdf
5011184,1,1,6,1 litre,"Pomegranate-juice, Biona Biologisch NL",4.22,7.49,25.32,25.32,PASS,Order_4294423.pdf
5011431,2,2,1,125 gram,"Matcha-powder, Mattisson Biologisch NL",8.84,15.99,17.68,17.68,PASS,Order_4294423.pdf
5011506,1,1,1,500 gram,"Sourdough-bread chia quinoa gluBteionlo fgriesceh, Schnitzer NL",3.48,6.29,3.48,3.48,PASS,Order_4294423.pdf
5011562,1,1,24,15 gram,"Chewing-Gum spearmint, XyligumNiet-biologisch BE",0.74,1.49,17.76,17.76,PASS,Order_4294423.pdf
5011755,1,1,6,400 gram,"Couscous whole wheat, Green ABgieologisch IT",1.59,2.79,9.54,9.54,PASS,Order_4294423.pdf
5011870,1,1,4,35 gram,"Herbal-tea calmer chameleon, ClBipioploegrisch NL",2.47,4.49,9.88,9.88,PASS,Order_4294423.pdf
5011880,1,1,4,40 gram,"Herbal-tea orange-turmeric, ClippBeiorlogisch NL",2.47,4.49,9.88,9.88,PASS,Order_4294423.pdf
5012071,1,1,8,150 gram,"Hazelnuts blanched, Green Age Biologisch NL",2.31,4.19,18.48,18.48,PASS,Order_4294423.pdf
5013311,1,1,4,"1,50 kilogram","Dishwasher-powder, Sonett Non-food DE",4.88,8.79,19.52,19.52,PASS,Order_4294423.pdf
5014251,1,1,7,50 gram,"Multifruit, Frugi Biologisch DK",1.10,1.99,7.70,7.70,PASS,Order_4294423.pdf
5014556,1,1,6,500 gram,"Tofu, Yakso Biologisch NL",2.89,5.09,17.34,17.34,PASS,Order_4294423.pdf
5014716,2,2,6,400 gram,"Granola, Rude Health Biologisch CH",3.45,6.09,41.40,41.40,PASS,Order_4294423.pdf
5014717,1,1,6,400 gram,"Muesli, Rude Health Biologisch NL",3.45,6.09,20.70,20.70,PASS,Order_4294423.pdf
5014793,2,2,1,250 gram,"Hamburger-buns gluten-free, SchBnioitlzoegirsch NL",2.74,4.99,5.48,5.48,PASS,Order_4294423.pdf
5014854,1,1,12,330 millilitre,"Gingershot tumeric chili, Frankly Biologisch DK",2.46,5.59,29.52,29.52,PASS,Order_4294423.pdf
5015220,1,1,8,200 gram,"Baquettini rustic gluten free, SchnBiitozloegrisch NL",1.87,3.19,14.96,14.96,PASS,Order_4294423.pdf
5015222,4,4,1,400 gram,"Bread'n-Toast white gluten free, SBicohlongiitszcehr NL",3.05,5.39,12.20,12.20,PASS,Order_4294423.pdf
5015268,1,1,6,350 gram,"Curry-sauce Indian korma, TerraSBiaonloagisch NL",2.44,4.29,14.64,14.64,PASS,Order_4294423.pdf
5015564,2,2,1,300 gram,"Collagen beef, grass-fed, MattissNoinet-biologisch NL",13.14,23.95,26.28,26.28,PASS,Order_4294423.pdf
5016067,1,1,6,200 gram,"Cocoa-paste original, No Sugar DBaiodlodgieissch NL",3.60,6.39,21.60,21.60,PASS,Order_4294423.pdf
5016180,1,1,1,"1,000 pc","Stirrer wood, Paardekooper Non-food CN",3.80,5.99,3.80,3.80,PASS,Order_4294423.pdf
5016241,1,1,6,250 gram,"Hazelnut-spread crunchy, NoccioBlaiotlaogisch IT",2.89,4.99,17.34,17.34,PASS,Order_4294423.pdf
5016245,1,1,6,650 gram,"Cocoa-hazelnut-paste, NocciolataBiologisch IT",5.70,9.99,34.20,34.20,PASS,Order_4294423.pdf
5016266,1,1,12,330 millilitre,"Water-kefir hibiscus & black curraBniotl olegaisfc,h Kéfir Eau VBeErtueuse",1.51,2.69,18.12,18.12,PASS,Order_4294423.pdf
5016389,1,1,6,30 pc,"Dishwasher-tablets all-in-one, YoNkounu-food BE",6.22,12.19,37.32,37.32,PASS,Order_4294423.pdf
5016505,1,1,12,400 millilitre,"Kombucha peach, The Gutsy CaBpitoaliongisch NL10046",1.58,2.89,18.96,18.96,PASS,Order_4294423.pdf
5016585,1,1,6,8 pc,"Toilet-paper 3-layer, Grazie NatuNraiel t-agrarisch IT",1.86,2.99,11.16,11.16,PASS,Order_4294423.pdf
5016590,1,1,1,1 pc,"Frying-pan 20 cm ECO-OK, TVSNon-food NL",28.19,54.99,28.19,28.19,PASS,Order_4294423.pdf
5016711,1,1,6,150 gram,"Brazil-nuts, Horizon Biologisch NL",4.98,8.99,29.88,29.88,PASS,Order_4294423.pdf
5016715,1,1,6,125 gram,"Walnuts, Horizon Biologisch NL",2.05,3.69,12.30,12.30,PASS,Order_4294423.pdf
5016754,1,1,6,100 gram,"Mango disks, Horizon Biologisch NL",2.71,4.99,16.26,16.26,PASS,Order_4294423.pdf
5016770,1,1,12,100 gram,"Macadamia-nuts salted, Horizon Biologisch NL",3.32,5.99,39.84,39.84,PASS,Order_4294423.pdf
5016803,1,1,8,75 gram,"Corn-flips peanut, Trafo Biologisch NL",1.01,1.79,8.08,8.08,PASS,Order_4294423.pdf
5016969,4,4,6,1 litre,"Oatmeal barista, Oatly Biologisch NL",1.71,2.99,41.04,41.04,PASS,Order_4294423.pdf
5016989,1,1,6,150 gram,"Black-pepper, Cook Biologisch FR",4.78,8.49,28.68,28.68,PASS,Order_4294423.pdf
5017110,1,1,7,100 gram,"Squeeze-bag quinoa apple, LoveBmioalodgeisch DK",0.93,1.48,6.51,6.51,PASS,Order_4294423.pdf
5017200,1,1,6,3 pc,"Candle dinner ribbed ivory, BrassNikoana-forsoedn NL",7.37,13.99,44.22,44.22,PASS,Order_4294423.pdf
5017298,1,1,6,750 gram,"Muesli chocolate hazelnut krunchByio, lBogairsnchhouse DE",4.65,8.39,27.90,27.90,PASS,Order_4294423.pdf
5018580,1,1,10,50 gram,"Chocolate strawberry, LandgartenBiologisch AT",1.77,3.09,17.70,17.70,PASS,Order_4294423.pdf
5018612,1,1,12,750 millilitre,"Mineral-water carbonic acid, lemoBnio,l oLgaisncdhpark Bio-quNeLlle 313",0.85,1.49,10.20,10.20,PASS,Order_4294423.pdf
5018793,1,1,6,100 gram,"Marshmallow chocolate, Belvas Biologisch BE",2.79,4.99,16.74,16.74,PASS,Order_4294423.pdf
5018863,1,1,6,32 pc,"Wash-Strips, The Good Brand Niet-biologisch IT",3.75,7.49,22.50,22.50,PASS,Order_4294423.pdf
6000002,1,1,6,130 gram,"Chai-latte mix, Chikko Not CoffeeBiologisch NL",4.22,7.49,25.32,25.32,PASS,Order_4294423.pdf
6000074,1,1,14,100 gram,"Fruit-snack apple-pear apricot, BBei oPlolugsisch NL",0.84,1.49,11.76,11.76,PASS,Order_4294423.pdf
6000466,1,1,12,60 millilitre,"Shot Turmeric ginger chili, FrankBlyiologisch DK",0.93,1.99,11.16,11.16,PASS,Order_4294423.pdf
6000467,1,1,12,60 millilitre,"Shot Ginger, Frankly Biologisch DK",0.93,1.99,11.16,11.16,PASS,Order_4294423.pdf
6000668,1,1,10,250 gram,"Tartelettes bianca hazelnut, NoccBiioollaotgaisch BE",2.43,4.29,24.30,24.30,PASS,Order_4294423.pdf
6000735,1,1,6,90 gram,"Vegetable-chips mixed varieties, BGiooloPguisrceh NL",1.52,2.69,9.12,9.12,PASS,Order_4294423.pdf
6000954,2,2,1,8 millilitre,"Skin food lip balm, Weleda Non-food NL",2.36,4.11,4.72,4.72,PASS,Order_4294423.pdf
6001152,2,2,1,20 pc,"Floss sticks bamboo handle, HydNroonp-hfoilod NL",2.66,5.49,5.32,5.32,PASS,Order_4294423.pdf
6001164,1,1,1,250 millilitre,"Rosemary Shampoo, Weleda Non-food NL",5.42,9.99,5.42,5.42,PASS,Order_4294423.pdf
6001384,4,4,12,150 gram,"Cooking chocolate dark, Vivani Biologisch DE",3.48,5.99,167.04,167.04,PASS,Order_4294423.pdf
6001441,2,2,1,200 millilitre,"Skin food shower creme, WeledaNon-food NL",4.06,7.49,8.12,8.12,PASS,Order_4294423.pdf
6001506,1,1,10,80 gram,"Chocolate bar fine dark orange 7B0 i%olo cgaisccaho, Vivani DE",1.93,3.49,19.30,19.30,PASS,Order_4294423.pdf
6001557,4,4,1,425 gram,"Pita wheat large, TerraSana Biologisch NL",2.28,3.59,9.12,9.12,PASS,Order_4294423.pdf
6001562,1,1,10,125 gram,"Chips Salt & Balsamic Vinegar, GBoioPlougrisech NL",1.36,2.49,13.60,13.60,PASS,Order_4294423.pdf
6001768,1,1,6,280 gram,"Curry ketchup, Dapp Biologisch NL",2.17,3.89,13.02,13.02,PASS,Order_4294423.pdf
6001815,1,1,12,1 pc,"Baking paper, If You Care Non-food NL",3.23,6.19,38.76,38.76,PASS,Order_4294423.pdf
48880,8,6,1,2 pc,"Bratwurst lemon & thyme, BrandtB &io loLgeivscieh NL",3.37,6.39,20.22,20.22,PASS,Order_4295657.pdf
1010,6,6,1,125 gram,"Goat-cheese fresh-natural 50+, BBaiosltoiagiasnchsen NL",2.20,3.99,13.20,13.20,PASS,Order_4295657.pdf
1031,2,2,1,500 millilitre,"Goat-yogurt full, Vliek Biologisch NL",1.20,2.19,2.40,2.40,PASS,Order_4295657.pdf
1118,24,24,1,1 litre,"Yogurt full, Weerribben Zuivel Biologisch NL",1.52,2.55,36.48,36.48,PASS,Order_4295657.pdf
1161,4,4,1,100 gram,"Mozzarella 45+, Züger Biologisch CH",0.90,2.39,3.60,3.60,PASS,Order_4295657.pdf
1178,7,7,1,100 gram,"Mozzarella 45+ lactose free, ZügBeirologisch CH",1.07,2.89,7.49,7.49,PASS,Order_4295657.pdf
1216,4,4,1,500 millilitre,"Sheep-yogurt, Weerribben SchapBeionlozguiisvcehl NL",2.04,3.49,8.16,8.16,PASS,Order_4295657.pdf
1244,3,3,1,500 gram,"Biodynamic Full-fat Quark, ZuiveBr iZo-uDivyenal misch NL",2.09,2.99,6.27,6.27,PASS,Order_4295657.pdf
1298,4,4,1,200 gram,"Lasagna-sheets fresh, Bio-VerdeBiologisch DE",1.74,2.99,6.96,6.96,PASS,Order_4295657.pdf
1717,2,2,1,250 gram,"Ravioli 4 fromages vers, Bio-VerdBeiologisch DE",2.87,4.59,5.74,5.74,PASS,Order_4295657.pdf
1720,2,2,1,250 gram,"Ravioli ricotta and arugula fresh, BBioiolo-Vgiescrhde DE",2.87,4.59,5.74,5.74,PASS,Order_4295657.pdf
1744,4,4,1,400 gram,"Gnocchi original fresh, Bio-VerdeBiologisch DE",2.45,4.29,9.80,9.80,PASS,Order_4295657.pdf
1772,3,3,1,250 gram,"Tortelli ricotta and spinach fresh,B Bioiolo-gVisecrhde DE",2.85,4.49,8.55,8.55,PASS,Order_4295657.pdf
1850,4,4,1,400 gram,"Soy-yogurt natural unsweetened,B Sioolojagidsech FR",1.34,2.39,5.36,5.36,PASS,Order_4295657.pdf
1888,6,6,1,250 gram,"Sheep-yogurt Greek style, BergeBriieologisch FR",1.47,2.69,8.82,8.82,PASS,Order_4295657.pdf
2216,12,12,1,1 litre,"Kefir, Rauw Power Biologisch NL",2.10,3.55,25.20,25.20,PASS,Order_4295657.pdf
2805,2,2,1,150 gram,"Mozzarella mini, Züger Biologisch CH",1.58,3.19,3.16,3.16,PASS,Order_4295657.pdf
3288,5,5,1,150 gram,"Blueberry-yogurt, Pur Natur Biologisch BE",1.06,1.75,5.30,5.30,PASS,Order_4295657.pdf
3631,1,1,1,220 gram,"Oriental-roll China, Soto Biologisch DE",2.36,4.39,2.36,2.36,PASS,Order_4295657.pdf
3635,20,20,1,250 gram,"Cream-Butter salted, Laitois Biologisch NL",2.94,4.69,58.80,58.80,PASS,Order_4295657.pdf
3771,2,2,1,285 gram,"Falafal nuggets, Florentin Biologisch NL",2.92,4.85,5.84,5.84,PASS,Order_4295657.pdf
3842,3,3,1,170 gram,"Hummus avocado, Florentin Biologisch NL",2.11,3.19,6.33,6.33,PASS,Order_4295657.pdf
3844,1,1,1,170 gram,"Hummus sun-dried tomato, FloreBnitoinlogisch NL",2.17,3.19,2.17,2.17,PASS,Order_4295657.pdf
4436,1,1,1,160 gram,"Cheese-alternative intense slicesB vioeloggaisnc, hFIT FOOD VBeEgan Deli",2.37,4.49,2.37,2.37,PASS,Order_4295657.pdf
4760,7,7,1,150 gram,"Frischkäse California natural 70+B, iÖolomgaisch DE",1.25,2.89,8.75,8.75,PASS,Order_4295657.pdf
4760,3,3,1,150 gram,"Frischkäse California natural 70+B, iÖolomgaisch DE",1.31,2.89,3.93,3.93,PASS,Order_4295657.pdf
4819,1,1,1.150,1 kilogram,"Brie whole 50+ 1 kilo, Öma Bio-Dynamisch AT",13.88,30.90,15.96,15.96,PASS,Order_4295657.pdf
4875,10,10,1,150 gram,"Feta Greek, Kourellas Biologisch NL",2.01,3.79,20.10,20.10,PASS,Order_4295657.pdf
5851,2,2,1,200 gram,"Bacon-strips smoked, St. HendricBkiologisch NL",3.37,5.99,6.74,6.74,PASS,Order_4295657.pdf
5936,2,2,1,140 gram,"Roompaté, St. Hendrick Biologisch NL",1.88,3.59,3.76,3.76,PASS,Order_4295657.pdf
31001,1,1,2.730,2.50 kilogram,"Cheese-piece Allgäuer EmmentaBleior- D45 yn+a,m Öismcha DE",13.42,30.90,36.64,36.64,PASS,Order_4295657.pdf
31147,4,4,1,240 gram,"Falafel sweet potato, Florentin Biologisch NL",2.91,4.75,11.64,11.64,PASS,Order_4295657.pdf
31200,3,3,1,160 gram,"Cashew-black-bean-burger, SotoBiologisch DE",2.17,3.99,6.51,6.51,PASS,Order_4295657.pdf
31372,3,3,1,70 gram,"Salame Milano, Fumagalli Biologisch IT",2.17,4.19,6.51,6.51,PASS,Order_4295657.pdf
31373,2,2,1,70 gram,"Prosciutto di Parma, Fumagalli Biologisch IT",4.26,7.99,8.52,8.52,PASS,Order_4295657.pdf
31632,16,16,1,320 gram,"Puff-pastry, Donaustrudel Biologisch DE",2.20,3.89,35.20,35.20,PASS,Order_4295657.pdf
31676,3,3,1,500 millilitre,"Kombucha grenade boost, KarmaBio-Dynamisch FR",2.44,4.09,7.32,7.32,PASS,Order_4295657.pdf
31897,6,6,1,200 gram,"Cottage-cheese, Züger Biologisch CH",1.02,2.19,6.12,6.12,PASS,Order_4295657.pdf
31897,3,3,1,200 gram,"Cottage-cheese, Züger Biologisch CH",1.07,2.19,3.21,3.21,PASS,Order_4295657.pdf
31968,6,6,1,400 gram,"Soj-yoghut Greek style natural, SBoijoalodgeisch FR",1.63,2.85,9.78,9.78,PASS,Order_4295657.pdf
31968,2,2,1,400 gram,"Soj-yoghut Greek style natural, SBoijoalodgeisch FR",1.71,2.85,3.42,3.42,PASS,Order_4295657.pdf
31975,2,2,1,160 gram,"Vegetable-burger with red lentils,B Sioolotogisch DE",2.16,4.09,4.32,4.32,PASS,Order_4295657.pdf
32067,4,4,1,1 litre,"Whipped-cream fresh, Pur NaturBiologisch BE",7.21,10.39,28.84,28.84,PASS,Order_4295657.pdf
32198,4,4,1,500 millilitre,"Kombucha mango passion fruit, KBaior-mDyanamisch FR",2.56,4.09,10.24,10.24,PASS,Order_4295657.pdf
32199,1,1,1,1 litre,"Kombucha ginger, Karma Bio-Dynamisch FR",4.18,6.79,4.18,4.18,PASS,Order_4295657.pdf
32201,1,1,1,500 millilitre,"Goatkefir from raw goat's milk, DBei oBloognistech Weide NL",2.33,3.99,2.33,2.33,PASS,Order_4295657.pdf
32344,1,1,1.540,1.50 kilogram,"Gorgonzola BOB 1.5 kilos, ArrigoBnioi logisch NL",14.08,31.90,21.68,21.68,PASS,Order_4295657.pdf
32379,4,4,1,150 gram,"Parmigiano-reggiano piece of, SBainotlo'Agnisncah NL",3.77,6.89,15.08,15.08,PASS,Order_4295657.pdf
32445,3,3,1,100 gram,"Bruschetta tomato, Marqt Biologisch NL",1.79,3.19,5.37,5.37,PASS,Order_4295657.pdf
32786,1,1,1.680,1.50 kilogram,"Crémeux-de-Bourgogne, FromagBeiroileo gJisacchques Delin NL",22.33,48.90,37.51,37.51,PASS,Order_4295657.pdf
32939,4,4,1,200 gram,"Halloumi, Ducas Biologisch NL",4.30,7.59,17.20,17.20,PASS,Order_4295657.pdf
33618,3,3,1,400 gram,"Soy-yogurt blueberry cherry, SojaBdioelogisch FR",2.16,3.59,6.48,6.48,PASS,Order_4295657.pdf
33808,6,6,1,750 millilitre,"Coconut-water RAW, Rebel KitchBeionlogisch GB",4.73,7.69,28.38,28.38,PASS,Order_4295657.pdf
42035,2,2,1,275 gram,"Dairy-alternative coconut mango Bviaonloigllias,c hHarvest MooDnE",2.12,3.49,4.24,4.24,PASS,Order_4295657.pdf
45000,6,6,1,250 gram,"Sheep-yogurt Greek style vanilla,B Bioelorggisecrhie FR",1.74,3.09,10.44,10.44,PASS,Order_4295657.pdf
45000,4,4,1,250 gram,"Sheep-yogurt Greek style vanilla,B Bioelorggisecrhie FR",1.83,3.09,7.32,7.32,PASS,Order_4295657.pdf
45006,6,6,0.212,200 gram,"Chicken-breast without skin, KemBpioelorgisch NL",25.71,43.50,32.70,32.70,PASS,Order_4295657.pdf
45087,4,4,1,200 gram,"Tortellini basil pesto fresh, Bio-VeBriodleogisch DE",2.04,3.59,8.16,8.16,PASS,Order_4295657.pdf
45088,3,3,1,200 gram,"Tortellini cheese-tomatoes fresh,B Bioiolo-gVisecrhde DE",2.04,3.59,6.12,6.12,PASS,Order_4295657.pdf
45151,3,3,1,125 gram,"Olives kalamata, Marqt Biologisch NL",1.67,3.19,5.01,5.01,PASS,Order_4295657.pdf
45153,4,4,1,125 gram,"Olive-mix garlic, Marqt Biologisch NL",1.70,3.19,6.80,6.80,PASS,Order_4295657.pdf
45154,4,4,1,125 gram,"Olives green with garlic, Marqt Biologisch IT",1.75,3.19,7.00,7.00,PASS,Order_4295657.pdf
45454,1,1,1,200 gram,"Rollini spinach-cheese, Soto Biologisch DE",2.18,3.89,2.18,2.18,PASS,Order_4295657.pdf
45471,6,6,1,125 gram,"Mozzarella di bufala, Diano CaseBairoialogisch NL",1.90,3.49,11.40,11.40,PASS,Order_4295657.pdf
45527,2,2,1,400 gram,"Soy-yogurt mango, Sojade Biologisch FR",2.15,3.59,4.30,4.30,PASS,Order_4295657.pdf
45751,1,1,1,1 litre,"Buttermilk, Ommelanden Bio-Dynamisch NL 315",1.50,2.59,1.50,1.50,PASS,Order_4295657.pdf
45779,4,4,1,350 millilitre,"Dairy-Alternative coco Greek stylBei,o nloagtiuscrhal, Abbot KinNnLey's",2.51,4.19,10.04,10.04,PASS,Order_4295657.pdf
45780,2,2,1,350 millilitre,"Dairy-Alternative coco start, natuBraiol,l oAgbisbchot Kinney's NL",2.45,4.39,4.90,4.90,PASS,Order_4295657.pdf
45820,2,2,1,350 gram,"Dairy-Alternative coco start mangBoio, lAogbisbcoht Kinney's NL",2.52,4.19,5.04,5.04,PASS,Order_4295657.pdf
46591,8,8,1,100 gram,"Shoulder-ham, St. Hendrick Biologisch NL",2.19,3.79,17.52,17.52,PASS,Order_4295657.pdf
46592,17,17,1,100 gram,"Breakfast-bacon, St. Hendrick Biologisch NL",2.29,3.59,38.93,38.93,PASS,Order_4295657.pdf
46602,2,2,1,100 gram,"Pastrami, St. Hendrick Biologisch NL",2.97,4.99,5.94,5.94,PASS,Order_4295657.pdf
48634,3,3,1,150 gram,"Feta, Minos Biologisch GR",1.92,2.87,5.76,5.76,PASS,Order_4295657.pdf
48673,3,3,1,200 gram,"Salmon smoked, Zalmhuis SteurBiologisch NL",8.20,14.25,24.60,24.60,PASS,Order_4295657.pdf
48675,2,2,1,150 gram,"Salmon Norwegian smoked deluxNea,t uZuar/lwmilhduis Steur NL",7.52,12.99,15.04,15.04,PASS,Order_4295657.pdf
48708,8,8,1,200 gram,"Cheddar mature, Lye Cross FarmBiologisch NL",3.22,5.59,25.76,25.76,PASS,Order_4295657.pdf
48709,10,10,1,200 gram,"Cheddar red Leichester, Lye CrosBsio lFoagirsmch NL",3.12,5.49,31.20,31.20,PASS,Order_4295657.pdf
48775,8,8,1,240 gram,"Kimchi mild, Completeorganics Biologisch DE",2.89,4.99,23.12,23.12,PASS,Order_4295657.pdf
48816,6,6,1,500 gram,"Kefir mild 1.5%, Andechser Biologisch DE",1.15,2.19,6.90,6.90,PASS,Order_4295657.pdf
48876,11,11,1,2 pc,"Bratwurst garlic & parsley, BrandBt i&ol oLgeisvcieh NL",3.37,6.39,37.07,37.07,PASS,Order_4295657.pdf
48920,8,8,1,60 millilitre,"Shot ginger, Frankly Biologisch DK",0.99,1.89,7.92,7.92,PASS,Order_4295657.pdf
97250,2,2,1,175 gram,"Hummus, Marqt Biologisch BE",1.68,3.19,3.36,3.36,PASS,Order_4295657.pdf
97251,2,2,1,175 gram,"Hummus spicy, Marqt Biologisch BE",1.86,3.19,3.72,3.72,PASS,Order_4295657.pdf
97253,3,3,1,175 gram,"Hummus green pesto, Marqt Biologisch BE",1.84,3.19,5.52,5.52,PASS,Order_4295657.pdf
97254,6,6,1,175 gram,"Hummus sun-dried tomato, MarqBtiologisch BE",1.79,3.19,10.74,10.74,PASS,Order_4295657.pdf
97287,2,2,1,175 gram,"Muhammara, Marqt Biologisch BE",1.97,3.19,3.94,3.94,PASS,Order_4295657.pdf
97289,6,6,1,500 gram,"Yogurt blueberries, Laitois Bio-Dynamisch DE 313",1.58,2.79,9.48,9.48,PASS,Order_4295657.pdf
97291,2,2,1,500 gram,"Yogurt stracciatella, Laitois Bio-Dynamisch DE 313",1.67,2.79,3.34,3.34,PASS,Order_4295657.pdf
97294,2,2,1,500 gram,"Yogurt mango, Laitois Bio-Dynamisch DE 313",1.64,2.79,3.28,3.28,PASS,Order_4295657.pdf
97377,4,4,1,120 gram,"Pesto spinach with aged cheese,B Miolaorgqistch NL",1.66,3.19,6.64,6.64,PASS,Order_4295657.pdf
6000261,6,6,1,170 gram,"Hummus, Florentin Biologisch NL",1.76,2.71,10.56,10.56,PASS,Order_4295657.pdf
6000295,2,2,1,750 millilitre,"Kombucha citrus sugar free, KarmBiao-Dynamisch FR",3.57,5.79,7.14,7.14,PASS,Order_4295657.pdf
6000465,1,1,1,150 gram,"Artichoke-hearts, Bio-Verde Biologisch DE",3.16,5.59,3.16,3.16,PASS,Order_4295657.pdf
6000715,2,2,1,350 gram,"Legume-mix chickpea curry, CooBl iBoleoaginssc hFoods BE",3.31,5.90,6.62,6.62,PASS,Order_4295657.pdf
6000783,2,2,1,120 gram,"Protein-pudding nougat praliné, HBaiorlvoegsistc Mh oon DE",1.09,1.50,2.18,2.18,PASS,Order_4295657.pdf
6000784,2,2,1,120 gram,"Protein-pudding double chocolateB,i oHloagrivscehst Moon DE",1.09,1.50,2.18,2.18,PASS,Order_4295657.pdf
6000814,2,2,1,100 gram,"Pesto basil, Marqt Biologisch NL",1.75,3.19,3.50,3.50,PASS,Order_4295657.pdf
6000852,3,3,1,150 gram,"Cheese-slices lactose free, DanaBteiollogisch BE",2.06,3.69,6.18,6.18,PASS,Order_4295657.pdf
6000926,8,8,1,2 pc,"Sausage sun-dried tomato and oBlivioelo, gBisrcahndt & Levie NL",3.38,6.39,27.04,27.04,PASS,Order_4295657.pdf
6001588,2,2,1,230 gram,"Kimchi mediterranean, CompleteBoirogloagnisiccsh DE",2.89,4.99,5.78,5.78,PASS,Order_4295657.pdf
